s_m,x_m,y_m,psi_rad,kappa_radpm,vx_mps,ax_mps2
0.0000000,0.4142521,0.6880448,-2.3029971,0.5354217,3.0000000,0.0000000
0.1999111,0.5705384,0.5612178,-2.2062479,0.4099296,3.0000000,0.0000000
0.3998222,0.7347716,0.4490671,-2.1363283,0.3158363,3.0000000,0.0000000
0.5997333,0.9053592,0.3475684,-2.0803237,0.2719440,3.0000000,0.0000000
0.7996444,1.0825232,0.2548168,-2.0259494,0.2742806,3.0000000,0.0000000
0.9995555,1.2643851,0.1721159,-1.9684252,0.2984936,3.0000000,0.0000000
1.1994666,1.4497213,0.1007665,-1.9076318,0.3135043,3.0000000,0.0000000
1.3993777,1.6409180,0.0405729,-1.8437063,0.3208046,3.0000000,0.0000000
1.5992888,1.8360921,-0.0073205,-1.7790817,0.3229048,3.0000000,0.0000000
1.7992000,2.0316871,-0.0422051,-1.7159250,0.3117556,3.0000000,0.0000000
1.9991111,2.2311476,-0.0650712,-1.6543541,0.2976431,3.0000000,0.0000000
2.1990222,2.4305870,-0.0759912,-1.5974525,0.2731013,3.0000000,0.0000000
2.3989333,2.6302992,-0.0760403,-1.5458015,0.2393900,3.0000000,0.0000000
2.5988444,2.8309343,-0.0664530,-1.5015366,0.2022654,3.0000000,0.0000000
2.7987555,3.0292200,-0.0490106,-1.4663495,0.1503410,3.0000000,0.0000000
2.9986666,3.2285614,-0.0254088,-1.4412211,0.0984387,3.0000000,0.0000000
3.1985777,3.4260569,0.0018686,-1.4279766,0.0351929,3.0000000,0.0000000
3.3984888,3.6242700,0.0306773,-1.4269196,-0.0235990,3.0000000,0.0000000
3.5983999,3.8221265,0.0584967,-1.4371067,-0.0779583,3.0000000,0.0000000
3.7983110,4.0206210,0.0833131,-1.4565089,-0.1014691,3.0000000,0.0000000
3.9982221,4.2195605,0.1041389,-1.4763181,-0.0967415,3.0000000,0.0000000
4.1981332,4.4189060,0.1211412,-1.4945818,-0.0821821,3.0000000,0.0000000
4.3980443,4.6184446,0.1348611,-1.5090649,-0.0627975,3.0000000,0.0000000
4.5979554,4.8184464,0.1460905,-1.5196962,-0.0432263,3.0000000,0.0000000
4.7978665,5.0178436,0.1555566,-1.5263677,-0.0235768,3.0000000,0.0000000
4.9977777,5.2184429,0.1641385,-1.5290058,-0.0024584,3.0000000,0.0000000
5.1976888,5.4174039,0.1725549,-1.5272888,0.0199899,3.0000000,0.0000000
5.3975999,5.6183187,0.1818677,-1.5208417,0.0445986,3.0000000,0.0000000
5.5975110,5.8175017,0.1928950,-1.5091193,0.0765933,3.0000000,0.0000000
5.7974221,6.0174031,0.2070978,-1.4889647,0.1260071,3.0000000,0.0000000
5.9973332,6.2159875,0.2263271,-1.4567707,0.2085823,3.0000000,0.0000000
6.1972443,6.4130664,0.2537333,-1.4051537,0.3082213,3.0000000,0.0000000
6.3971554,6.6082066,0.2927864,-1.3409010,0.3283981,3.0000000,0.0000000
6.5970665,6.8013616,0.3447475,-1.2752085,0.3253725,3.0000000,0.0000000
6.7969776,6.9904492,0.4090651,-1.2107706,0.3215232,3.0000000,0.0000000
6.9968887,7.1758100,0.4857430,-1.1467092,0.3119820,3.0000000,0.0000000
7.1967998,7.3554172,0.5735885,-1.0853807,0.3037866,3.0000000,0.0000000
7.3967109,7.5309181,0.6730917,-1.0249665,0.2964431,3.0000000,0.0000000
7.5966220,7.6984020,0.7817925,-0.9648700,0.3046315,3.0000000,0.0000000
7.7965331,7.8603370,0.9015205,-0.9030916,0.3145324,3.0000000,0.0000000
7.9964442,8.0155720,1.0323556,-0.8380525,0.3130977,3.0000000,0.0000000
8.1963554,8.1593540,1.1698126,-0.7800092,0.2279283,3.0000000,0.0000000
8.3962665,8.2962433,1.3109078,-0.7769561,-0.2483510,3.0000000,0.0000000
8.5961776,8.4361835,1.4430377,-0.8493336,-0.1267806,3.0000000,0.0000000
8.7960887,8.5825731,1.5745046,-0.8114459,0.4311965,3.0000000,0.0000000
8.9959998,8.7240103,1.7237917,-0.6994444,0.5972771,3.0000000,0.0000000
9.1959109,8.8424013,1.8828108,-0.5793473,0.6311274,3.0000000,0.0000000
9.3958220,8.9416138,2.0591069,-0.4435607,0.7018199,3.0000000,0.0000000
9.5957331,9.0142678,2.2464693,-0.2926309,0.8104538,3.0000000,0.0000000
9.7956442,9.0557574,2.4424494,-0.1225975,0.8809285,3.0000000,0.0000000
9.9955553,9.0620227,2.6418139,0.0632023,0.9719572,3.0000000,0.0000000
10.1954664,9.0301581,2.8392327,0.2566366,0.9657432,3.0000000,0.0000000
10.3953775,8.9608688,3.0268197,0.4504322,0.9402332,3.0000000,0.0000000
10.5952886,8.8577958,3.1979819,0.6318947,0.8887536,3.0000000,0.0000000
10.7951997,8.7236867,3.3505292,0.8076377,0.8203661,3.0000000,0.0000000
10.9951108,8.5701114,3.4754406,0.9685893,0.8218820,3.0000000,-1.4539785
11.1950219,8.3941324,3.5753881,1.1464936,1.0385050,2.9014939,-0.1674807
11.3949331,8.2101525,3.6377202,1.2806650,-1.4368324,2.8899316,-0.1674807
11.5948442,8.0334867,3.7041130,1.2543226,1.2806136,2.8783228,1.2243083
11.7947553,7.8353104,3.7413089,1.5016068,0.9805424,2.9621357,0.5646316
11.9946664,7.6296178,3.7358099,1.6906502,0.8685151,3.0000000,0.0000000
12.1945775,7.4330754,3.6950449,1.8586793,0.8284197,3.0000000,0.0000000
12.3944886,7.2471817,3.6234852,2.0116050,0.6680446,3.0000000,0.0000000
12.5943997,7.0706470,3.5265401,2.1284619,0.4702328,3.0000000,0.0000000
12.7943108,6.9053936,3.4151984,2.1877180,0.1324520,3.0000000,0.0000000
12.9942219,6.7418939,3.2985239,2.1831292,-0.1773715,3.0000000,0.0000000
13.1941330,6.5750605,3.1881883,2.1167560,-0.4874457,3.0000000,0.0000000
13.3940441,6.3982379,3.0935725,2.0066590,-0.5458057,3.0000000,0.0000000
13.5939552,6.2133111,3.0193218,1.8986369,-0.5406430,3.0000000,0.0000000
13.7938663,6.0177030,2.9638809,1.7981702,-0.4567248,3.0000000,0.0000000
13.9937774,5.8198974,2.9272722,1.7116734,-0.3810604,3.0000000,0.0000000
14.1936885,5.6254864,2.9059178,1.6557444,-0.1626151,3.0000000,0.0000000
14.3935996,5.4245097,2.8909558,1.6411205,0.0418294,3.0000000,0.0000000
14.5935108,5.2275041,2.8753000,1.6598952,0.0936851,3.0000000,0.0000000
14.7934219,5.0306850,2.8563383,1.6695484,-0.0230496,3.0000000,0.0000000
14.9933330,4.8325194,2.8380305,1.6521976,-0.1468426,3.0000000,0.0000000
15.1932441,4.6316941,2.8252626,1.6136582,-0.2279828,3.0000000,0.0000000
15.3931552,4.4312267,2.8216238,1.5624819,-0.2805455,3.0000000,0.0000000
15.5930663,4.2324947,2.8291062,1.5024848,-0.3222545,3.0000000,0.0000000
15.7929774,4.0326222,2.8495871,1.4336164,-0.3583191,3.0000000,0.0000000
15.9928885,3.8354035,2.8842227,1.3594562,-0.3829841,3.0000000,0.0000000
16.1927996,3.6424319,2.9332608,1.2863625,-0.3344665,3.0000000,0.0000000
16.3927107,3.4515327,2.9956316,1.2259062,-0.2631507,3.0000000,0.0000000
16.5926218,3.2658853,3.0671410,1.1836316,-0.1638766,3.0000000,0.0000000
16.7925329,3.0813744,3.1452466,1.1605564,-0.0590144,3.0000000,0.0000000
16.9924440,2.8978698,3.2255051,1.1601968,0.0536358,3.0000000,0.0000000
17.1923551,2.7135133,3.3038031,1.1817700,0.1620883,3.0000000,0.0000000
17.3922662,2.5268543,3.3760168,1.2252410,0.2730780,3.0000000,0.0000000
17.5921773,2.3363113,3.4381261,1.2891044,0.3634495,3.0000000,0.0000000
17.7920884,2.1425619,3.4860011,1.3711707,0.4543295,3.0000000,0.0000000
17.9919996,1.9444743,3.5163942,1.4678808,0.5126651,3.0000000,0.0000000
18.1919107,1.7448878,3.5262890,1.5762794,0.5585597,3.0000000,0.0000000
18.3918218,1.5454771,3.5139223,1.6899832,0.5824915,3.0000000,0.0000000
18.5917329,1.3475608,3.4782188,1.8084924,0.5858010,3.0000000,0.0000000
18.7916440,1.1582360,3.4204903,1.9256304,0.6026882,3.0000000,0.0000000
18.9915551,0.9723625,3.3384660,2.0470629,0.6011071,3.0000000,0.0000000
19.1914662,0.7992279,3.2350983,2.1719975,0.6302152,3.0000000,0.0000000
19.3913773,0.6435311,3.1130090,2.3013341,0.6666067,3.0000000,0.0000000
19.5912884,0.5046396,2.9725163,2.4138179,0.4075731,3.0000000,0.0000000
19.7911995,0.3769635,2.8235951,2.4327100,0.0194991,3.0000000,0.0000000
19.9911106,0.2515006,2.6702928,2.4933522,0.4734751,3.0000000,0.0000000
20.1910217,0.1382201,2.5030333,2.6032228,0.5899077,3.0000000,0.0000000
20.3909328,0.0461028,2.3250156,2.7268907,0.6482346,3.0000000,0.0000000
20.5908439,-0.0219786,2.1381336,2.8580740,0.6706884,3.0000000,0.0000000
20.7907550,-0.0647555,1.9416706,2.9975466,0.7041893,3.0000000,0.0000000
20.9906661,-0.0792811,1.7417138,-3.1413009,0.7421968,3.0000000,0.0000000
21.1905773,-0.0644007,1.5424980,-2.9928708,0.7438988,3.0000000,0.0000000
21.3904884,-0.0199427,1.3473031,-2.8422662,0.7447983,3.0000000,0.0000000
21.5903995,0.0527660,1.1614810,-2.6953879,0.7328111,3.0000000,0.0000000
21.7903106,0.1523286,0.9870115,-2.5523906,0.6877234,3.0000000,0.0000000
21.9902217,0.2746755,0.8284231,-2.4182926,0.6313755,3.0000000,0.0000000
22.1901328,0.4142521,0.6880448,-2.3029971,0.5354217,3.0000000,0.0000000
